{
  "results": {
    "linear": {
      "mae": 0.5332001304956555,
      "rmse": 0.7455813830127763,
      "r2": 0.575787706032451
    },
    "rf": {
      "mae": 0.32754256845930246,
      "rmse": 0.5053399773665033,
      "r2": 0.8051230593157366
    },
    "gb": {
      "mae": 0.3716280764101258,
      "rmse": 0.5421574495624544,
      "r2": 0.7756923945143868
    }
  },
  "best_model": "rf",
  "best_score": 0.8051230593157366
}