{
  "results": {
    "linear": {
      "mae": 0.5332001304956555,
      "rmse": 0.7455813830127763,
      "r2": 0.575787706032451
    },
    "rf": {
      "mae": 0.3275425684593025,
      "rmse": 0.5053399773665033,
      "r2": 0.8051230593157366
    },
    "gb": {
      "mae": 0.3716425690425596,
      "rmse": 0.5422152016168362,
      "r2": 0.7756446042829697
    }
  },
  "best_model": "rf",
  "best_score": 0.8051230593157366
}